{
  "params": {
    "gene": "Sobic.001G111500",
    "L": 10,
    "max_iter": 100,
    "coverage": 0.95,
    "min_abs_corr": 0.5,
    "repeats": 5
  },
  "pysusie": {
    "times_sec": [
      2.501453292,
      2.458581875,
      3.416502125000001,
      4.0834963339999995,
      3.650263625000001
    ],
    "mean_sec": 3.2220594502000006,
    "median_sec": 3.416502125000001,
    "std_sec": 0.718576982121543,
    "n_iter": [
      13,
      13,
      13,
      13,
      13
    ]
  },
  "susieR": {
    "times_sec": [
      13.895042708999998,
      14.294226208000005,
      14.755550541000005,
      21.880919417,
      17.846705125
    ],
    "mean_sec": 16.534488800000002,
    "median_sec": 14.755550541000005,
    "std_sec": 3.371064576055136,
    "n_iter": [
      9,
      9,
      9,
      9,
      9
    ]
  },
  "susieR_over_pysusie_mean_ratio": 5.131652303613972,
  "susieR_over_pysusie_median_ratio": 4.318905711495789
}