half_window_mb,n_markers,fit_runtime_sec,peak_rss_gb
2.0,34933,17.992284625,1.749359130859375
4.0,68802,59.889051708,2.560699462890625
8.0,144111,98.90100775,3.924041748046875
12.0,194123,158.944903042,3.8098907470703125
16.0,227226,115.95609666600001,3.8116302490234375
