n_effects,runtime_sec,converged,n_iter,final_elbo,n_cs,top_pip,top_idx,top_snp,top_pos,top_cs_size,top_cs_purity
1,7.602,True,2,-2679.3659676380344,1,0.1282468229912036,2191,9:62581725:T:C,62581725,37,0.6832243116339418
5,7.634,True,2,-2679.3659676380344,1,0.12898551857691354,2191,9:62581725:T:C,62581725,37,0.6832243116339418
10,7.7,True,2,-2679.3659676380344,1,0.12990800788343893,2191,9:62581725:T:C,62581725,37,0.6832243116339418
